float32,1,,Do Not Alter the contents of this file
float32,2,,
float32,3,,
float32,4,,
float32,5,,
float32,6,,
uint8,7,,
float32,8,,
float32,9,,
float32,11,,
float32,12,,
float32,13,,
float32,14,,
uint8,15,,
float32,16,,
float32,17,,
float32,18,,
float32,19,,
uint8,23,,
float32,24,,
float32,25,,
float32,26,,
float32,27,,
float32,28,,
float32,30,,
float32,31,,
float32,34,,
float32,35,,
float32,39,,
float32,47,,
mem32,64,,
float32,68,,
mem8,68,,
float32,69,,
float32,71,,
int16,75,,
int16,76,,
float32,79,,
float32,80,,
float32,81,,
float32,82,,
mem8,82,,
float32,83,,
float32,84,,
uint8,85,,
float32,86,,
uint8,87,,
float32,88,,
float32,101,,
float32,102,,
float32,103,,
uint8,106,,
int16,107,,
float32,111,,
float32,112,,
int16,122,,
uint8,131,,
float32,141,,
float32,146,,
uint8,199,,
uint8,199,,
float32,202,,
float32,203,,
uint8,205,,
float32,215,,
bool,258,,
uint8,260,,
int16,261,,
bool,263,,
bool,270,,
float32,271,,
float32,272,,
uint8,273,,
uint8,274,,
uint8,276,,
float32,277,,
float32,278,,
float32,279,,
float32,280,,
float32,281,,
bool,294,,
bool,295,,
bool,296,,
bool,297,,
float32,304,,
float32,305,,
float32,306,,
uint8,307,,
uint8,308,,
uint8,309,,
float32,310,,
uint8,313,,
uint8,314,,
uint8,320,,
uint8,321,,
float32,322,,
float32,323,,
time_t,324,,
time_t,325,,
time_t,326,,
float32,327,,
uint8,328,,
uint8,329,,
uint8,330,,
uint8,331,,
uint8,332,,
uint8,333,,
uint8,512,,
uint8,513,,
uint8,514,,
int16,515,,
uint8,516,,
int16,517,,
int16,518,,
uint8,519,,
int16,520,,
int16,521,,
uint8,524,,
uint8,525,,
uint8,530,,
uint8,531,,
uint8,532,,
uint8,533,,
uint8,536,,
uint8,537,,
uint8,538,,
uint8,539,,
uint8,540,,
uint8,541,,
uint8,542,,
uint8,543,,
bool,544,,
bool,545,,
bool,546,,
bool,547,,
uint8,551,,
float32,560,,
float32,561,,
float32,562,,
float32,563,,
float32,572,,
float32,573,,
uint8,578,,
int16,629,,
uint8,768,,
uint8,769,,
int16,775,,
uint8,1104,,
time_t,1280,,
float32,1281,,
float32,1282,,
time_t,1283,,
float32,1284,,
float32,1285,,
time_t,1286,,
float32,1287,,
float32,1288,,
time_t,1289,,
float32,1290,,
float32,1291,,
uint8,4176,,
memcal,4288,,
mem32,4334,,
mem8,4338,,
uint8,12290,,
uint8,12291,,
float32,12306,,
float32,12307,,
uint8,12352,,
uint8,12353,,
uint8,12361,,
uint8,12368,,
uint8,12369,,
uint8,12377,,
uint8,12544,,
uint8,12548,,
uint8,12549,,
uint8,12550,,
uint8,12551,,
int16,12552,,
uint8,12608,,
uint8,12609,,
uint8,12610,,
uint8,12672,,
uint8,12673,,
uint8,12675,,
uint8,12676,,
uint8,12678,,
uint8,12679,,
uint8,12680,,
uint8,12681,,
uint8,12682,,
float32,12706,,
uint8,12736,,
uint8,12739,,
uint8,12740,,
uint8,12742,,
uint8,12743,,
uint8,12744,,
uint8,12745,,
uint8,12746,,
float32,12770,,
uint8,12800,,
uint8,12803,,
uint8,12804,,
uint8,12806,,
uint8,12807,,
uint8,12808,,
uint8,12809,,
uint8,12810,,
float32,12834,,
uint8,13056,,
uint8,13059,,
uint8,13062,,
uint8,13063,,
uint8,13064,,
uint8,13065,,
uint8,13066,,
float32,13090,,
uint8,15872,,
uint8,15873,,
uint8,15874,,
uint8,15875,,
uint8,15876,,
uint8,15877,,
uint8,15878,,
uint8,15879,,
uint8,15880,,
uint8,15881,,
uint8,15882,,
uint16,16124,,
uint16,16125,,
uint16,16126,,
uint8,16127,,
float32,65535,,
uint8,65535,,
uint8,65535,,
uint8,65535,,
int16,65535,,
uint8,65535,,
uint8,65535,,
